,ds,trend,yhat_lower,yhat_upper,trend_lower,trend_upper,additive_terms,additive_terms_lower,additive_terms_upper,weekly,weekly_lower,weekly_upper,multiplicative_terms,multiplicative_terms_lower,multiplicative_terms_upper,yhat
0,2021-04-27,1558.4194141417238,1534.5398420411782,1579.3127158725238,1558.4194141417238,1558.4194141417238,-0.005258518854545497,-0.005258518854545497,-0.005258518854545497,-0.005258518854545497,-0.005258518854545497,-0.005258518854545497,0.0,0.0,0.0,1558.4141556228692
1,2021-04-28,1559.4351580702207,1538.4697870537016,1584.962466845945,1559.4351580702207,1559.4351580702207,1.7718022753846838,1.7718022753846838,1.7718022753846838,1.7718022753846838,1.7718022753846838,1.7718022753846838,0.0,0.0,0.0,1561.2069603456055
2,2021-04-29,1560.4509019987177,1539.398785334284,1584.0401671310926,1560.4509019987177,1560.4509019987177,2.7201524261927243,2.7201524261927243,2.7201524261927243,2.7201524261927243,2.7201524261927243,2.7201524261927243,0.0,0.0,0.0,1563.1710544249104
3,2021-04-30,1561.4666459272146,1538.7832767041245,1583.380950160264,1561.4666459272146,1561.4666459272146,0.8627977750235497,0.8627977750235497,0.8627977750235497,0.8627977750235497,0.8627977750235497,0.8627977750235497,0.0,0.0,0.0,1562.3294437022382
4,2021-05-05,1566.545365569699,1546.5197080761782,1592.1126192520742,1566.545365569699,1566.545365569699,1.7718022753813158,1.7718022753813158,1.7718022753813158,1.7718022753813158,1.7718022753813158,1.7718022753813158,0.0,0.0,0.0,1568.3171678450803
5,2021-05-06,1567.561109498196,1547.8364354698174,1590.6567980021794,1567.561109498196,1567.561109498196,2.7201524261945185,2.7201524261945185,2.7201524261945185,2.7201524261945185,2.7201524261945185,2.7201524261945185,0.0,0.0,0.0,1570.2812619243905
6,2021-05-07,1568.5768534266929,1546.9602890106341,1592.3023941820934,1568.5768534266929,1568.5768534266929,0.8627977750255464,0.8627977750255464,0.8627977750255464,0.8627977750255464,0.8627977750255464,0.8627977750255464,0.0,0.0,0.0,1569.4396512017183
7,2021-05-10,1571.6240852121837,1546.122157526295,1590.8572026910952,1571.6240852121837,1571.6240852121837,-2.2795305251844895,-2.2795305251844895,-2.2795305251844895,-2.2795305251844895,-2.2795305251844895,-2.2795305251844895,0.0,0.0,0.0,1569.3445546869991
8,2021-05-11,1572.6398291406804,1552.3034050614567,1595.078089726641,1572.6398291406804,1572.6398291406804,-0.005258518848750145,-0.005258518848750145,-0.005258518848750145,-0.005258518848750145,-0.005258518848750145,-0.005258518848750145,0.0,0.0,0.0,1572.6345706218317
9,2021-05-12,1573.6555732472102,1553.948899339602,1596.8759027580033,1573.6555732472102,1573.6555732472102,1.7718022753807385,1.7718022753807385,1.7718022753807385,1.7718022753807385,1.7718022753807385,1.7718022753807385,0.0,0.0,0.0,1575.4273755225909
10,2021-05-13,1574.6713173537398,1553.4756920898096,1599.3370655229655,1574.6713173537398,1574.6713173537398,2.720152426193138,2.720152426193138,2.720152426193138,2.720152426193138,2.720152426193138,2.720152426193138,0.0,0.0,0.0,1577.391469779933
11,2021-05-14,1575.68706146027,1554.3819426572945,1598.7927059557815,1575.68706146027,1575.68706146027,0.8627977750213973,0.8627977750213973,0.8627977750213973,0.8627977750213973,0.8627977750213973,0.8627977750213973,0.0,0.0,0.0,1576.5498592352913
12,2021-05-17,1578.7342937798592,1555.2192424748612,1599.7024052987338,1578.7342937798592,1578.7342937798592,-2.279530525184209,-2.279530525184209,-2.279530525184209,-2.279530525184209,-2.279530525184209,-2.279530525184209,0.0,0.0,0.0,1576.454763254675
13,2021-05-18,1579.7500378863888,1557.4471949638908,1602.1106386255274,1579.7500378863888,1579.7500378863888,-0.005258518849048313,-0.005258518849048313,-0.005258518849048313,-0.005258518849048313,-0.005258518849048313,-0.005258518849048313,0.0,0.0,0.0,1579.7447793675396
14,2021-05-19,1580.7657819929186,1558.6106203134725,1604.9570041100533,1580.7657819929186,1580.7657819929186,1.77180227538281,1.77180227538281,1.77180227538281,1.77180227538281,1.77180227538281,1.77180227538281,0.0,0.0,0.0,1582.5375842683013
15,2021-05-20,1581.7815260994485,1560.9989369251532,1606.8705857268133,1581.7815260994485,1581.7815260994485,2.7201524261917562,2.7201524261917562,2.7201524261917562,2.7201524261917562,2.7201524261917562,2.7201524261917562,0.0,0.0,0.0,1584.5016785256403
16,2021-05-21,1582.7977378791522,1561.3671225756423,1606.532387012088,1582.7977378791522,1582.7977378791522,0.8627977750301008,0.8627977750301008,0.8627977750301008,0.8627977750301008,0.8627977750301008,0.8627977750301008,0.0,0.0,0.0,1583.6605356541822
17,2021-05-24,1585.8463732182631,1559.2352993025306,1605.1262307282002,1585.8463732182631,1585.8463732182631,-2.2795305251834663,-2.2795305251834663,-2.2795305251834663,-2.2795305251834663,-2.2795305251834663,-2.2795305251834663,0.0,0.0,0.0,1583.5668426930797
18,2021-05-25,1586.862584997967,1565.6543796379108,1609.73482765278,1586.862584997967,1586.862584997967,-0.005258518846150729,-0.005258518846150729,-0.005258518846150729,-0.005258518846150729,-0.005258518846150729,-0.005258518846150729,0.0,0.0,0.0,1586.8573264791207
19,2021-05-27,1588.8950085573745,1569.4566142204694,1615.628802877449,1588.8950085573745,1588.8950085573745,2.720152426190375,2.720152426190375,2.720152426190375,2.720152426190375,2.720152426190375,2.720152426190375,0.0,0.0,0.0,1591.615160983565
20,2021-05-28,1589.911220337078,1567.9653026459514,1613.5837818745476,1589.911220337078,1589.911220337078,0.862797775025952,0.862797775025952,0.862797775025952,0.862797775025952,0.862797775025952,0.862797775025952,0.0,0.0,0.0,1590.774018112104
21,2021-05-31,1592.9598556761891,1567.0948807694592,1613.889037610183,1592.9598556761891,1592.9598556761891,-2.2795305251831848,-2.2795305251831848,-2.2795305251831848,-2.2795305251831848,-2.2795305251831848,-2.2795305251831848,0.0,0.0,0.0,1590.680325151006
22,2021-06-01,1593.976067455893,1571.044300307288,1616.309731104875,1593.976067455893,1593.976067455893,-0.005258518854012315,-0.005258518854012315,-0.005258518854012315,-0.005258518854012315,-0.005258518854012315,-0.005258518854012315,0.0,0.0,0.0,1593.970808937039
23,2021-06-02,1594.9922792355967,1573.724899329583,1618.7271538698926,1594.9922792355967,1594.9922792355967,1.7718022753788647,1.7718022753788647,1.7718022753788647,1.7718022753788647,1.7718022753788647,1.7718022753788647,0.0,0.0,0.0,1596.7640815109755
24,2021-06-04,1597.0247027815024,1577.0084301798768,1621.4868984412997,1597.0247027815024,1597.0247027815024,0.8627977750279485,0.8627977750279485,0.8627977750279485,0.8627977750279485,0.8627977750279485,0.8627977750279485,0.0,0.0,0.0,1597.8875005565303
25,2021-06-07,1600.0733381003606,1574.7855610878787,1619.2695970472403,1600.0733381003606,1600.0733381003606,-2.2795305251826727,-2.2795305251826727,-2.2795305251826727,-2.2795305251826727,-2.2795305251826727,-2.2795305251826727,0.0,0.0,0.0,1597.7938075751779
26,2021-06-08,1601.0895498733134,1578.318228900442,1622.3105220974414,1601.0895498733134,1601.0895498733134,-0.005258518852712746,-0.005258518852712746,-0.005258518852712746,-0.005258518852712746,-0.005258518852712746,-0.005258518852712746,0.0,0.0,0.0,1601.0842913544607
27,2021-06-09,1602.1057616462665,1581.46173302492,1626.548735380212,1602.1057616462665,1602.1057616462665,1.7718022753782874,1.7718022753782874,1.7718022753782874,1.7718022753782874,1.7718022753782874,1.7718022753782874,0.0,0.0,0.0,1603.8775639216449
28,2021-06-10,1603.121973419219,1582.0020115806744,1627.840456667541,1603.121973419219,1603.121973419219,2.7201524261876124,2.7201524261876124,2.7201524261876124,2.7201524261876124,2.7201524261876124,2.7201524261876124,0.0,0.0,0.0,1605.8421258454068
29,2021-06-11,1604.1381851921722,1581.9426375316955,1626.560799175902,1604.1381851921722,1604.1381851921722,0.8627977750237992,0.8627977750237992,0.8627977750237992,0.8627977750237992,0.8627977750237992,0.8627977750237992,0.0,0.0,0.0,1605.000982967196
30,2021-06-14,1607.1868205110304,1581.0750239584713,1627.3496953793606,1607.1868205110304,1607.1868205110304,-2.2795305251821616,-2.2795305251821616,-2.2795305251821616,-2.2795305251821616,-2.2795305251821616,-2.2795305251821616,0.0,0.0,0.0,1604.9072899858484
31,2021-06-15,1608.2030322839835,1584.703408786761,1631.3993147323451,1608.2030322839835,1608.2030322839835,-0.005258518851412946,-0.005258518851412946,-0.005258518851412946,-0.005258518851412946,-0.005258518851412946,-0.005258518851412946,0.0,0.0,0.0,1608.197773765132
32,2021-06-16,1606.6039325031456,1584.5377278696524,1630.36015076533,1606.6039325031456,1606.6039325031456,1.7718022753777105,1.7718022753777105,1.7718022753777105,1.7718022753777105,1.7718022753777105,1.7718022753777105,0.0,0.0,0.0,1608.3757347785233
33,2021-06-17,1605.004832722308,1584.069804431476,1630.306158301381,1605.004832722308,1605.004832722308,2.7201524261930325,2.7201524261930325,2.7201524261930325,2.7201524261930325,2.7201524261930325,2.7201524261930325,0.0,0.0,0.0,1607.724985148501
34,2021-06-18,1603.4057329414702,1583.2008930031022,1627.2435218392616,1603.4057329414702,1603.4057329414702,0.8627977750325024,0.8627977750325024,0.8627977750325024,0.8627977750325024,0.8627977750325024,0.8627977750325024,0.0,0.0,0.0,1604.2685307165027
35,2021-06-21,1598.6084335989572,1572.9569100088984,1618.9128227490992,1598.6084335989572,1598.6084335989572,-2.279530525181649,-2.279530525181649,-2.279530525181649,-2.279530525181649,-2.279530525181649,-2.279530525181649,0.0,0.0,0.0,1596.3289030737756
36,2021-06-22,1597.0093338181196,1573.1525454760738,1619.5190046453397,1597.0093338181196,1597.0093338181196,-0.005258518857676888,-0.005258518857676888,-0.005258518857676888,-0.005258518857676888,-0.005258518857676888,-0.005258518857676888,0.0,0.0,0.0,1597.0040752992618
37,2021-06-23,1595.4102340372817,1575.6636158314664,1619.8308323171057,1595.4102340372817,1595.4102340372817,1.7718022753824314,1.7718022753824314,1.7718022753824314,1.7718022753824314,1.7718022753824314,1.7718022753824314,0.0,0.0,0.0,1597.1820363126642
38,2021-06-24,1593.8111342564441,1574.248483784166,1619.3358259467473,1593.8111342564441,1593.8111342564441,2.7201524261916514,2.7201524261916514,2.7201524261916514,2.7201524261916514,2.7201524261916514,2.7201524261916514,0.0,0.0,0.0,1596.5312866826357
39,2021-06-25,1592.2120344756063,1571.210035958683,1617.7443393566703,1592.2120344756063,1592.2120344756063,0.8627977750314264,0.8627977750314264,0.8627977750314264,0.8627977750314264,0.8627977750314264,0.8627977750314264,0.0,0.0,0.0,1593.0748322506377
40,2021-06-28,1587.4147351048612,1562.658624591552,1607.3059402183587,1587.4147351048612,1587.4147351048612,-2.279530525183898,-2.279530525183898,-2.279530525183898,-2.279530525183898,-2.279530525183898,-2.279530525183898,0.0,0.0,0.0,1585.1352045796773
41,2021-06-29,1585.815635314613,1564.1430293825413,1609.0405925021257,1585.815635314613,1585.815635314613,-0.005258518857974917,-0.005258518857974917,-0.005258518857974917,-0.005258518857974917,-0.005258518857974917,-0.005258518857974917,0.0,0.0,0.0,1585.810376795755
42,2021-06-30,1584.2165355243646,1562.8328803431198,1608.5432513910155,1584.2165355243646,1584.2165355243646,1.7718022753818534,1.7718022753818534,1.7718022753818534,1.7718022753818534,1.7718022753818534,1.7718022753818534,0.0,0.0,0.0,1585.9883377997464
43,2021-07-01,1582.6174357341165,1562.742967562135,1606.8454595236046,1582.6174357341165,1582.6174357341165,2.7201524261902703,2.7201524261902703,2.7201524261902703,2.7201524261902703,2.7201524261902703,2.7201524261902703,0.0,0.0,0.0,1585.3375881603067
44,2021-07-02,1581.018335943868,1557.7502499018449,1604.2539133800165,1581.018335943868,1581.018335943868,0.8627977750303503,0.8627977750303503,0.8627977750303503,0.8627977750303503,0.8627977750303503,0.8627977750303503,0.0,0.0,0.0,1581.8811337188984
45,2021-07-05,1576.2210365731228,1553.9774102707258,1596.957976356303,1576.2210365731228,1576.2210365731228,-2.279530525183386,-2.279530525183386,-2.279530525183386,-2.279530525183386,-2.279530525183386,-2.279530525183386,0.0,0.0,0.0,1573.9415060479394
46,2021-07-06,1574.6219367828746,1553.0556554590344,1596.7806703124002,1574.6219367828746,1574.6219367828746,-0.005258518855077287,-0.005258518855077287,-0.005258518855077287,-0.005258518855077287,-0.005258518855077287,-0.005258518855077287,0.0,0.0,0.0,1574.6166782640196
47,2021-07-07,1573.0228370243392,1552.296052482599,1597.9669099517746,1573.0228370243392,1573.0228370243392,1.7718022753839255,1.7718022753839255,1.7718022753839255,1.7718022753839255,1.7718022753839255,1.7718022753839255,0.0,0.0,0.0,1574.794639299723
48,2021-07-08,1571.4237372658038,1550.5480517046797,1597.1410892375927,1571.4237372658038,1571.4237372658038,2.720152426188889,2.720152426188889,2.720152426188889,2.720152426188889,2.720152426188889,2.720152426188889,0.0,0.0,0.0,1574.1438896919926
49,2021-07-09,1569.8246375072683,1549.263200068471,1592.8904782581437,1569.8246375072683,1569.8246375072683,0.8627977750262013,0.8627977750262013,0.8627977750262013,0.8627977750262013,0.8627977750262013,0.8627977750262013,0.0,0.0,0.0,1570.6874352822945
50,2021-07-12,1565.027338231662,1541.288820668755,1585.741949302687,1565.027338231662,1565.027338231662,-2.2795305251828744,-2.2795305251828744,-2.2795305251828744,-2.2795305251828744,-2.2795305251828744,-2.2795305251828744,0.0,0.0,0.0,1562.747807706479
51,2021-07-13,1563.4282384731266,1540.4221695514932,1586.0817194531385,1563.4282384731266,1563.4282384731266,-0.005258518853777625,-0.005258518853777625,-0.005258518853777625,-0.005258518853777625,-0.005258518853777625,-0.005258518853777625,0.0,0.0,0.0,1563.422979954273
52,2021-07-14,1561.8291387145912,1540.3526975849702,1587.8003917390236,1561.8291387145912,1561.8291387145912,1.7718022753779086,1.7718022753779086,1.7718022753779086,1.7718022753779086,1.7718022753779086,1.7718022753779086,0.0,0.0,0.0,1563.600940989969
53,2021-07-15,1560.2300389560558,1540.6654720770346,1584.464036994318,1560.2300389560558,1560.2300389560558,2.7201524261943093,2.7201524261943093,2.7201524261943093,2.7201524261943093,2.7201524261943093,2.7201524261943093,0.0,0.0,0.0,1562.95019138225
54,2021-07-16,1558.6309391975203,1535.651234574745,1582.2517081131439,1558.6309391975203,1558.6309391975203,0.8627977750281977,0.8627977750281977,0.8627977750281977,0.8627977750281977,0.8627977750281977,0.8627977750281977,0.0,0.0,0.0,1559.4937369725485
55,2021-07-19,1553.8336402333302,1527.6239104638335,1574.0787567544787,1553.8336402333302,1553.8336402333302,-2.279530525184893,-2.279530525184893,-2.279530525184893,-2.279530525184893,-2.279530525184893,-2.279530525184893,0.0,0.0,0.0,1551.5541097081455
56,2021-07-20,1552.2345405786002,1530.3103819053965,1573.3219541904405,1552.2345405786002,1552.2345405786002,-0.005258518850879949,-0.005258518850879949,-0.005258518850879949,-0.005258518850879949,-0.005258518850879949,-0.005258518850879949,0.0,0.0,0.0,1552.2292820597493
57,2021-07-21,1550.6354409238702,1528.554718248525,1574.823032315424,1550.6354409238702,1550.6354409238702,1.7718022753799798,1.7718022753799798,1.7718022753799798,1.7718022753799798,1.7718022753799798,1.7718022753799798,0.0,0.0,0.0,1552.4072431992502
58,2021-07-22,1549.0363412691402,1528.6529094479215,1574.1720151454772,1549.0363412691402,1549.0363412691402,2.7201524261961034,2.7201524261961034,2.7201524261961034,2.7201524261961034,2.7201524261961034,2.7201524261961034,0.0,0.0,0.0,1551.7564936953363
59,2021-07-23,1547.4372416144101,1525.5839841058473,1569.7954096830063,1547.4372416144101,1547.4372416144101,0.862797775024049,0.862797775024049,0.862797775024049,0.862797775024049,0.862797775024049,0.862797775024049,0.0,0.0,0.0,1548.3000393894342
60,2021-07-27,1541.04084299549,1518.2882354488802,1564.0226191627255,1541.04084299549,1541.04084299549,-0.005258518851178164,-0.005258518851178164,-0.005258518851178164,-0.005258518851178164,-0.005258518851178164,-0.005258518851178164,0.0,0.0,0.0,1541.0355844766389
61,2021-07-29,1537.84264368603,1518.5457072495326,1563.1284117085643,1537.84264368603,1537.84264368603,2.7201524261915466,2.7201524261915466,2.7201524261915466,2.7201524261915466,2.7201524261915466,2.7201524261915466,0.0,0.0,0.0,1540.5627961122216
62,2021-07-30,1536.2435440313,1514.294678399772,1560.4368028441543,1536.2435440313,1536.2435440313,0.8627977750327519,0.8627977750327519,0.8627977750327519,0.8627977750327519,0.8627977750327519,0.8627977750327519,0.0,0.0,0.0,1537.1063418063327
63,2021-08-02,1538.6985834266331,1513.5585087468971,1558.3688279928588,1538.6985834266331,1538.6985834266331,-2.2795305251838687,-2.2795305251838687,-2.2795305251838687,-2.2795305251838687,-2.2795305251838687,-2.2795305251838687,0.0,0.0,0.0,1536.4190529014493
64,2021-08-03,1539.5169298917442,1518.1089260819856,1561.259883151854,1539.5169298917442,1539.5169298917442,-0.00525851884828058,-0.00525851884828058,-0.00525851884828058,-0.00525851884828058,-0.00525851884828058,-0.00525851884828058,0.0,0.0,0.0,1539.511671372896
65,2021-08-04,1540.3352763568553,1520.2663766141711,1566.1870026167696,1540.3352763568553,1540.3352763568553,1.7718022753841236,1.7718022753841236,1.7718022753841236,1.7718022753841236,1.7718022753841236,1.7718022753841236,0.0,0.0,0.0,1542.1070786322393
66,2021-08-05,1541.1536228219663,1522.276913331487,1566.1636720142528,1541.1536228219663,1541.1536228219663,2.720152426193341,2.720152426193341,2.720152426193341,2.720152426193341,2.720152426193341,2.720152426193341,0.0,0.0,0.0,1543.8737752481597
67,2021-08-06,1541.9719692870774,1520.0531108720606,1565.8783075471774,1541.9719692870774,1541.9719692870774,0.8627977750316757,0.8627977750316757,0.8627977750316757,0.8627977750316757,0.8627977750316757,0.8627977750316757,0.0,0.0,0.0,1542.834767062109
68,2021-08-09,1544.4270086824108,1519.52796702821,1565.924698428212,1544.4270086824108,1544.4270086824108,-2.2795305251835876,-2.2795305251835876,-2.2795305251835876,-2.2795305251835876,-2.2795305251835876,-2.2795305251835876,0.0,0.0,0.0,1542.1474781572272
69,2021-08-10,1545.2453551475216,1525.0575450989777,1568.9653367381177,1545.2453551475216,1545.2453551475216,-0.005258518856142259,-0.005258518856142259,-0.005258518856142259,-0.005258518856142259,-0.005258518856142259,-0.005258518856142259,0.0,0.0,0.0,1545.2400966286655
70,2021-08-11,1548.2125855299216,1527.7528397264482,1572.455596658542,1548.2125855299216,1548.2125855299216,1.7718022753835463,1.7718022753835463,1.7718022753835463,1.7718022753835463,1.7718022753835463,1.7718022753835463,0.0,0.0,0.0,1549.9843878053052
71,2021-08-13,1554.1470462947216,1530.4878921898594,1576.232829002264,1554.1470462947216,1554.1470462947216,0.8627977750305995,0.8627977750305995,0.8627977750305995,0.8627977750305995,0.8627977750305995,0.8627977750305995,0.0,0.0,0.0,1555.0098440697523
72,2021-08-16,1563.0487374419213,1538.365290928263,1583.5168336460076,1563.0487374419213,1563.0487374419213,-2.2795305251833065,-2.2795305251833065,-2.2795305251833065,-2.2795305251833065,-2.2795305251833065,-2.2795305251833065,0.0,0.0,0.0,1560.7692069167379
73,2021-08-17,1566.0159678243213,1542.8484356145937,1588.1422023485575,1566.0159678243213,1566.0159678243213,-0.005258518854842597,-0.005258518854842597,-0.005258518854842597,-0.005258518854842597,-0.005258518854842597,-0.005258518854842597,0.0,0.0,0.0,1566.0107093054664
74,2021-08-18,1568.9831982067215,1549.1595168269994,1595.3640107743556,1568.9831982067215,1568.9831982067215,1.771802275377529,1.771802275377529,1.771802275377529,1.771802275377529,1.771802275377529,1.771802275377529,0.0,0.0,0.0,1570.755000482099
75,2021-08-19,1571.9504285891214,1552.065473433104,1595.6982285596816,1571.9504285891214,1571.9504285891214,2.720152426190578,2.720152426190578,2.720152426190578,2.720152426190578,2.720152426190578,2.720152426190578,0.0,0.0,0.0,1574.670581015312
76,2021-08-20,1574.9176589715212,1553.8962762952171,1598.8944055823115,1574.9176589715212,1574.9176589715212,0.8627977750264507,0.8627977750264507,0.8627977750264507,0.8627977750264507,0.8627977750264507,0.8627977750264507,0.0,0.0,0.0,1575.7804567465475
77,2021-08-23,1583.8193501187213,1558.9436684877369,1604.7010723884443,1583.8193501187213,1583.8193501187213,-2.2795305251825635,-2.2795305251825635,-2.2795305251825635,-2.2795305251825635,-2.2795305251825635,-2.2795305251825635,0.0,0.0,0.0,1581.5398195935388
78,2021-08-24,1586.786580439583,1563.7506936355094,1609.4149219298401,1586.786580439583,1586.786580439583,-0.005258518853542658,-0.005258518853542658,-0.005258518853542658,-0.005258518853542658,-0.005258518853542658,-0.005258518853542658,0.0,0.0,0.0,1586.7813219207296
79,2021-08-25,1589.753810760445,1569.1899960134222,1613.8793429338418,1589.753810760445,1589.753810760445,1.7718022753769522,1.7718022753769522,1.7718022753769522,1.7718022753769522,1.7718022753769522,1.7718022753769522,0.0,0.0,0.0,1591.525613035822
80,2021-08-26,1592.721041081307,1573.2837411085284,1617.3040146602918,1592.721041081307,1592.721041081307,2.7201524261928234,2.7201524261928234,2.7201524261928234,2.7201524261928234,2.7201524261928234,2.7201524261928234,0.0,0.0,0.0,1595.4411935074997
81,2021-08-27,1595.6882714021688,1572.534330200018,1619.1092768121287,1595.6882714021688,1595.6882714021688,0.8627977750223015,0.8627977750223015,0.8627977750223015,0.8627977750223015,0.8627977750223015,0.8627977750223015,0.0,0.0,0.0,1596.551069177191
82,2021-08-30,1604.5899623647547,1579.419871809407,1624.8047816042526,1604.5899623647547,1604.5899623647547,-2.279530525182282,-2.279530525182282,-2.279530525182282,-2.279530525182282,-2.279530525182282,-2.279530525182282,0.0,0.0,0.0,1602.3104318395724
83,2021-08-31,1607.5571926856167,1585.1833395004585,1630.2346910511558,1607.5571926856167,1607.5571926856167,-0.005258518850645259,-0.005258518850645259,-0.005258518850645259,-0.005258518850645259,-0.005258518850645259,-0.005258518850645259,0.0,0.0,0.0,1607.551934166766
84,2021-09-01,1610.5244230064784,1590.3510171477587,1632.812336628774,1610.5244230064784,1610.5244230064784,1.7718022753816727,1.7718022753816727,1.7718022753816727,1.7718022753816727,1.7718022753816727,1.7718022753816727,0.0,0.0,0.0,1612.29622528186
85,2021-09-02,1613.4916533273404,1593.6002496274664,1638.51345642543,1613.4916533273404,1613.4916533273404,2.720152426194617,2.720152426194617,2.720152426194617,2.720152426194617,2.720152426194617,2.720152426194617,0.0,0.0,0.0,1616.211805753535
86,2021-09-03,1614.6896908727924,1592.1393736122966,1638.8802839437901,1614.6896908727924,1614.6896908727924,0.8627977750242982,0.8627977750242982,0.8627977750242982,0.8627977750242982,0.8627977750242982,0.8627977750242982,0.0,0.0,0.0,1615.5524886478167
87,2021-09-06,1618.2838035091484,1592.682337999646,1637.2699203071481,1618.2838035091484,1618.2838035091484,-2.2795305251843003,-2.2795305251843003,-2.2795305251843003,-2.2795305251843003,-2.2795305251843003,-2.2795305251843003,0.0,0.0,0.0,1616.004272983964
88,2021-09-07,1619.4818410546006,1597.4010928260338,1642.5571331330862,1619.4818410546006,1619.4818410546006,-0.005258518850943428,-0.005258518850943428,-0.005258518850943428,-0.005258518850943428,-0.005258518850943428,-0.005258518850943428,0.0,0.0,0.0,1619.4765825357497
89,2021-09-08,1620.6798786000525,1599.149615174772,1644.4197730977437,1620.6798786000525,1620.6798786000525,1.7718022753810951,1.7718022753810951,1.7718022753810951,1.7718022753810951,1.7718022753810951,1.7718022753810951,0.0,0.0,0.0,1622.4516808754336
90,2021-09-09,1621.8779161455045,1601.4537744589938,1647.655410888369,1621.8779161455045,1621.8779161455045,2.7201524261900607,2.7201524261900607,2.7201524261900607,2.7201524261900607,2.7201524261900607,2.7201524261900607,0.0,0.0,0.0,1624.5980685716945
91,2021-09-10,1623.0759536909566,1601.9684855375579,1645.1452274569644,1623.0759536909566,1623.0759536909566,0.8627977750201493,0.8627977750201493,0.8627977750201493,0.8627977750201493,0.8627977750201493,0.8627977750201493,0.0,0.0,0.0,1623.9387514659768
92,2021-09-13,1626.6700663273127,1600.5817029979419,1647.0544974098505,1626.6700663273127,1626.6700663273127,-2.2795305251840197,-2.2795305251840197,-2.2795305251840197,-2.2795305251840197,-2.2795305251840197,-2.2795305251840197,0.0,0.0,0.0,1624.3905358021286
93,2021-09-14,1627.8681038727646,1605.6418240403061,1650.5751924670938,1627.8681038727646,1627.8681038727646,-0.005258518857207231,-0.005258518857207231,-0.005258518857207231,-0.005258518857207231,-0.005258518857207231,-0.005258518857207231,0.0,0.0,0.0,1627.8628453539072
94,2021-09-15,1627.8744681748951,1607.0184615562848,1652.897832271918,1627.8744681748951,1627.8744681748951,1.7718022753831666,1.7718022753831666,1.7718022753831666,1.7718022753831666,1.7718022753831666,1.7718022753831666,0.0,0.0,0.0,1629.6462704502783
95,2021-09-16,1627.8808324770255,1607.9480714521474,1654.1193733889497,1627.8808324770255,1627.8808324770255,2.7201524261918553,2.7201524261918553,2.7201524261918553,2.7201524261918553,2.7201524261918553,2.7201524261918553,0.0,0.0,0.0,1630.6009849032173
96,2021-09-17,1627.8871967791558,1606.4691302318531,1651.295230413839,1627.8871967791558,1627.8871967791558,0.8627977750288528,0.8627977750288528,0.8627977750288528,0.8627977750288528,0.8627977750288528,0.8627977750288528,0.0,0.0,0.0,1628.7499945541847
97,2021-09-20,1627.906289685547,1602.140718403615,1649.2263450312212,1627.906289685547,1627.906289685547,-2.279530525183277,-2.279530525183277,-2.279530525183277,-2.279530525183277,-2.279530525183277,-2.279530525183277,0.0,0.0,0.0,1625.626759160364
98,2021-09-21,1627.9126539876775,1604.8099159235085,1650.6377151901154,1627.9126539876775,1627.9126539876775,-0.005258518854309508,-0.005258518854309508,-0.005258518854309508,-0.005258518854309508,-0.005258518854309508,-0.005258518854309508,0.0,0.0,0.0,1627.907395468823
99,2021-09-22,1627.9190182898078,1607.1272744389416,1653.475263382247,1627.9190182898078,1627.9190182898078,1.7718022753771503,1.7718022753771503,1.7718022753771503,1.7718022753771503,1.7718022753771503,1.7718022753771503,0.0,0.0,0.0,1629.690820565185
100,2021-09-23,1627.9253825919384,1608.4158917510763,1653.681315349198,1627.9253825919384,1627.9253825919384,2.7201524261904737,2.7201524261904737,2.7201524261904737,2.7201524261904737,2.7201524261904737,2.7201524261904737,0.0,0.0,0.0,1630.6455350181288
101,2021-09-27,1627.9508391211407,1604.193892674636,1646.7407941927331,1627.9508391211407,1627.9508391211407,-2.2795305251829956,-2.2795305251829956,-2.2795305251829956,-2.2795305251829956,-2.2795305251829956,-2.2795305251829956,0.0,0.0,0.0,1625.6713085959577
102,2021-09-28,1627.9572032534413,1606.742520259455,1653.622274074067,1627.9572032534413,1627.9572032534413,-0.005258518853009846,-0.005258518853009846,-0.005258518853009846,-0.005258518853009846,-0.005258518853009846,-0.005258518853009846,0.0,0.0,0.0,1627.9519447345883
103,2021-09-29,1627.963567385742,1607.4491109920446,1651.9663605329433,1627.963567385742,1627.963567385742,1.771802275379222,1.771802275379222,1.771802275379222,1.771802275379222,1.771802275379222,1.771802275379222,0.0,0.0,0.0,1629.7353696611212
104,2021-09-30,1627.9699315180426,1608.925808327342,1651.9010988404257,1627.9699315180426,1627.9699315180426,2.720152426192268,2.720152426192268,2.720152426192268,2.720152426192268,2.720152426192268,2.720152426192268,0.0,0.0,0.0,1630.6900839442349
105,2021-10-01,1627.9762956503432,1605.482569515731,1649.9027516158756,1627.9762956503432,1627.9762956503432,0.8627977750267,0.8627977750267,0.8627977750267,0.8627977750267,0.8627977750267,0.8627977750267,0.0,0.0,0.0,1628.8390934253698
106,2021-10-04,1627.995388047245,1602.2849251868874,1648.326658005506,1627.995388047245,1627.995388047245,-2.2795305251824836,-2.2795305251824836,-2.2795305251824836,-2.2795305251824836,-2.2795305251824836,-2.2795305251824836,0.0,0.0,0.0,1625.7158575220624
107,2021-10-05,1628.0017521795453,1604.7464177111653,1650.4585710861356,1628.0017521795453,1628.0017521795453,-0.005258518851710092,-0.005258518851710092,-0.005258518851710092,-0.005258518851710092,-0.005258518851710092,-0.005258518851710092,0.0,0.0,0.0,1627.9964936606937
108,2021-10-06,1628.008116311846,1606.9949473601819,1650.8991735238292,1628.008116311846,1628.008116311846,1.771802275378644,1.771802275378644,1.771802275378644,1.771802275378644,1.771802275378644,1.771802275378644,0.0,0.0,0.0,1629.7799185872245
109,2021-10-07,1628.014480331323,1605.8635430171623,1653.7794891253877,1628.014480331323,1628.014480331323,2.7201524261877115,2.7201524261877115,2.7201524261877115,2.7201524261877115,2.7201524261877115,2.7201524261877115,0.0,0.0,0.0,1630.7346327575108
110,2021-10-08,1628.0208443508006,1606.4370479820143,1651.3425727347214,1628.0208443508006,1628.0208443508006,0.8627977750323307,0.8627977750323307,0.8627977750323307,0.8627977750323307,0.8627977750323307,0.8627977750323307,0.0,0.0,0.0,1628.883642125833
111,2021-10-11,1628.0399364092327,1602.940089872072,1648.2477806511058,1628.0399364092327,1628.0399364092327,-2.2795305251845024,-2.2795305251845024,-2.2795305251845024,-2.2795305251845024,-2.2795305251845024,-2.2795305251845024,0.0,0.0,0.0,1625.7604058840482
112,2021-10-12,1628.04630042871,1606.551830615265,1650.2788016816487,1628.04630042871,1628.04630042871,-0.005258518850410385,-0.005258518850410385,-0.005258518850410385,-0.005258518850410385,-0.005258518850410385,-0.005258518850410385,0.0,0.0,0.0,1628.0410419098596
113,2021-10-14,1628.0590284676648,1609.526317759975,1654.609515147509,1628.0590284676648,1628.0590284676648,2.720152426193131,2.720152426193131,2.720152426193131,2.720152426193131,2.720152426193131,2.720152426193131,0.0,0.0,0.0,1630.779180893858
114,2021-10-15,1628.0653924871422,1606.9648478502174,1653.2497764108782,1628.0653924871422,1628.0653924871422,0.8627977750343272,0.8627977750343272,0.8627977750343272,0.8627977750343272,0.8627977750343272,0.8627977750343272,0.0,0.0,0.0,1628.9281902621765
115,2021-10-18,1628.0844845455742,1603.900691588617,1646.9017528989198,1628.0844845455742,1628.0844845455742,-2.279530525183991,-2.279530525183991,-2.279530525183991,-2.279530525183991,-2.279530525183991,-2.279530525183991,0.0,0.0,0.0,1625.8049540203901
116,2021-10-19,1628.0908485650516,1605.9733669881325,1650.5171989231203,1628.0908485650516,1628.0908485650516,-0.005258518856674141,-0.005258518856674141,-0.005258518856674141,-0.005258518856674141,-0.005258518856674141,-0.005258518856674141,0.0,0.0,0.0,1628.085590046195
117,2021-10-20,1627.9761208768396,1604.894499725347,1651.9083995891888,1627.9761208768396,1627.9761208768396,1.771802275382788,1.771802275382788,1.771802275382788,1.771802275382788,1.771802275382788,1.771802275382788,0.0,0.0,0.0,1629.7479231522223
118,2021-10-21,1627.8613931886275,1608.209895167578,1653.0425321452112,1627.8613931886275,1627.8613931886275,2.7201524261917505,2.7201524261917505,2.7201524261917505,2.7201524261917505,2.7201524261917505,2.7201524261917505,0.0,0.0,0.0,1630.5815456148193
119,2021-10-25,1627.4024824357793,1601.872622406915,1647.1983383950262,1627.4024824357793,1627.4024824357793,-2.2795305251837084,-2.2795305251837084,-2.2795305251837084,-2.2795305251837084,-2.2795305251837084,-2.2795305251837084,0.0,0.0,0.0,1625.1229519105957
120,2021-10-26,1627.2877547475673,1605.1922130396258,1649.8607465378066,1627.2877547475673,1627.2877547475673,-0.005258518856972541,-0.005258518856972541,-0.005258518856972541,-0.005258518856972541,-0.005258518856972541,-0.005258518856972541,0.0,0.0,0.0,1627.2824962287104
121,2021-10-27,1627.1730270593553,1604.5952432747533,1651.5889656840104,1627.1730270593553,1627.1730270593553,1.7718022753822102,1.7718022753822102,1.7718022753822102,1.7718022753822102,1.7718022753822102,1.7718022753822102,0.0,0.0,0.0,1628.9448293347375
122,2021-10-28,1627.0582993711432,1606.6576151571176,1651.732782696906,1627.0582993711432,1627.0582993711432,2.720152426190369,2.720152426190369,2.720152426190369,2.720152426190369,2.720152426190369,2.720152426190369,0.0,0.0,0.0,1629.7784517973337
123,2021-10-29,1626.9435716829312,1604.6697555401336,1650.6713546866356,1626.9435716829312,1626.9435716829312,0.862797775029102,0.862797775029102,0.862797775029102,0.862797775029102,0.862797775029102,0.862797775029102,0.0,0.0,0.0,1627.8063694579603
124,2021-11-01,1626.5993886182948,1602.4341128893661,1646.4136166440862,1626.5993886182948,1626.5993886182948,-2.2795305251829663,-2.2795305251829663,-2.2795305251829663,-2.2795305251829663,-2.2795305251829663,-2.2795305251829663,0.0,0.0,0.0,1624.3198580931119
125,2021-11-02,1626.4846597815392,1603.6516412532778,1649.3196984554727,1626.4846597815392,1626.4846597815392,-0.005258518854074679,-0.005258518854074679,-0.005258518854074679,-0.005258518854074679,-0.005258518854074679,-0.005258518854074679,0.0,0.0,0.0,1626.479401262685
126,2021-11-03,1626.3699309447832,1606.4422417270102,1651.4143209513593,1626.3699309447832,1626.3699309447832,1.7718022753842821,1.7718022753842821,1.7718022753842821,1.7718022753842821,1.7718022753842821,1.7718022753842821,0.0,0.0,0.0,1628.1417332201675
127,2021-11-04,1626.2552021080276,1607.9224179058638,1650.5401655262547,1626.2552021080276,1626.2552021080276,2.7201524261926138,2.7201524261926138,2.7201524261926138,2.7201524261926138,2.7201524261926138,2.7201524261926138,0.0,0.0,0.0,1628.9753545342203
128,2021-11-05,1626.1404732712717,1606.5214483622944,1650.7596304381584,1626.1404732712717,1626.1404732712717,0.8627977750249533,0.8627977750249533,0.8627977750249533,0.8627977750249533,0.8627977750249533,0.8627977750249533,0.0,0.0,0.0,1627.0032710462967
129,2021-11-08,1625.7962867610042,1600.7255247682003,1646.1196746632456,1625.7962867610042,1625.7962867610042,-2.2795305251826847,-2.2795305251826847,-2.2795305251826847,-2.2795305251826847,-2.2795305251826847,-2.2795305251826847,0.0,0.0,0.0,1623.5167562358215
130,2021-11-09,1625.6815579242484,1602.9197868372464,1648.5563267638208,1625.6815579242484,1625.6815579242484,-0.005258518852775064,-0.005258518852775064,-0.005258518852775064,-0.005258518852775064,-0.005258518852775064,-0.005258518852775064,0.0,0.0,0.0,1625.6762994053956
131,2021-11-10,1625.5668290874926,1605.2298322056736,1649.800005342953,1625.5668290874926,1625.5668290874926,1.7718022753782654,1.7718022753782654,1.7718022753782654,1.7718022753782654,1.7718022753782654,1.7718022753782654,0.0,0.0,0.0,1627.338631362871
132,2021-11-11,1625.4513320550404,1605.4149005238053,1650.7318489572156,1625.4513320550404,1625.4513320550404,2.7201524261944074,2.7201524261944074,2.7201524261944074,2.7201524261944074,2.7201524261944074,2.7201524261944074,0.0,0.0,0.0,1628.1714844812348
133,2021-11-12,1625.335835022588,1604.0660221639753,1647.8610021132963,1625.335835022588,1625.335835022588,0.8627977750269495,0.8627977750269495,0.8627977750269495,0.8627977750269495,0.8627977750269495,0.8627977750269495,0.0,0.0,0.0,1626.1986327976151
134,2021-11-15,1624.9893439252314,1600.3302511912252,1645.2763794582306,1624.9893439252314,1624.9893439252314,-2.2795305251847036,-2.2795305251847036,-2.2795305251847036,-2.2795305251847036,-2.2795305251847036,-2.2795305251847036,0.0,0.0,0.0,1622.7098134000466
135,2021-11-16,1624.873846892779,1602.9446026472115,1648.7232162901823,1624.873846892779,1624.873846892779,-0.005258518851475264,-0.005258518851475264,-0.005258518851475264,-0.005258518851475264,-0.005258518851475264,-0.005258518851475264,0.0,0.0,0.0,1624.8685883739277
136,2021-11-17,1624.7583498603267,1603.500693849288,1650.6820291195124,1624.7583498603267,1624.7583498603267,1.7718022753803369,1.7718022753803369,1.7718022753803369,1.7718022753803369,1.7718022753803369,1.7718022753803369,0.0,0.0,0.0,1626.530152135707
137,2021-11-18,1624.6428528278745,1604.4131410088164,1650.4659749540592,1624.6428528278745,1624.6428528278745,2.720152426189851,2.720152426189851,2.720152426189851,2.720152426189851,2.720152426189851,2.720152426189851,0.0,0.0,0.0,1627.3630052540643
138,2021-11-19,1624.5273557954224,1601.2744175577377,1648.5090296142826,1624.5273557954224,1624.5273557954224,0.8627977750228006,0.8627977750228006,0.8627977750228006,0.8627977750228006,0.8627977750228006,0.8627977750228006,0.0,0.0,0.0,1625.3901535704451
139,2021-11-22,1624.1808646980655,1598.342713002303,1644.2284111261827,1624.1808646980655,1624.1808646980655,-2.279530525184422,-2.279530525184422,-2.279530525184422,-2.279530525184422,-2.279530525184422,-2.279530525184422,0.0,0.0,0.0,1621.9013341728812
140,2021-11-23,1624.06536759176,1599.9021057755165,1644.9241632655971,1624.06536759176,1624.06536759176,-0.005258518850175602,-0.005258518850175602,-0.005258518850175602,-0.005258518850175602,-0.005258518850175602,-0.005258518850175602,0.0,0.0,0.0,1624.0601090729097
141,2021-11-24,1623.9498704854543,1602.836023070753,1648.4582477363656,1623.9498704854543,1623.9498704854543,1.77180227537976,1.77180227537976,1.77180227537976,1.77180227537976,1.77180227537976,1.77180227537976,0.0,0.0,0.0,1625.721672760834
142,2021-11-25,1623.8343733791487,1604.922908929038,1649.8681221180161,1623.8343733791487,1623.8343733791487,2.720152426191645,2.720152426191645,2.720152426191645,2.720152426191645,2.720152426191645,2.720152426191645,0.0,0.0,0.0,1626.5545258053403
143,2021-11-26,1623.718876272843,1602.2396824147352,1647.4988808130329,1623.718876272843,1623.718876272843,0.8627977750315039,0.8627977750315039,0.8627977750315039,0.8627977750315039,0.8627977750315039,0.8627977750315039,0.0,0.0,0.0,1624.5816740478747
144,2021-11-29,1623.3723849539263,1599.1576915868275,1642.3741967528656,1623.3723849539263,1623.3723849539263,-2.2795305251836795,-2.2795305251836795,-2.2795305251836795,-2.2795305251836795,-2.2795305251836795,-2.2795305251836795,0.0,0.0,0.0,1621.0928544287426
145,2021-11-30,1623.2568878476206,1601.5414756310806,1647.8413024657223,1623.2568878476206,1623.2568878476206,-0.005258518847277879,-0.005258518847277879,-0.005258518847277879,-0.005258518847277879,-0.005258518847277879,-0.005258518847277879,0.0,0.0,0.0,1623.2516293287733
146,2021-12-01,1623.141390741315,1603.5050164770325,1649.2333331189416,1623.141390741315,1623.141390741315,1.771802275376392,1.771802275376392,1.771802275376392,1.771802275376392,1.771802275376392,1.771802275376392,0.0,0.0,0.0,1624.9131930166914
147,2021-12-02,1623.0258936350092,1601.7089159375228,1648.4408584062135,1623.0258936350092,1623.0258936350092,2.7201524261934393,2.7201524261934393,2.7201524261934393,2.7201524261934393,2.7201524261934393,2.7201524261934393,0.0,0.0,0.0,1625.7460460612026
148,2021-12-03,1623.7982379908153,1601.4578991396306,1645.4363886334493,1623.7982379908153,1623.7982379908153,0.8627977750304276,0.8627977750304276,0.8627977750304276,0.8627977750304276,0.8627977750304276,0.8627977750304276,0.0,0.0,0.0,1624.6610357658458
149,2021-12-07,1626.8876154140398,1603.6252080724303,1649.0992417881287,1626.8876154140398,1626.8876154140398,-0.0052585188567375735,-0.0052585188567375735,-0.0052585188567375735,-0.0052585188567375735,-0.0052585188567375735,-0.0052585188567375735,0.0,0.0,0.0,1626.8823568951832
150,2021-12-08,1627.659959769846,1607.0233615830111,1652.2245776037346,1627.659959769846,1627.659959769846,1.7718022753758147,1.7718022753758147,1.7718022753758147,1.7718022753758147,1.7718022753758147,1.7718022753758147,0.0,0.0,0.0,1629.4317620452218
151,2021-12-09,1628.4323041256519,1607.8182419968075,1652.839568909641,1628.4323041256519,1628.4323041256519,2.720152426192058,2.720152426192058,2.720152426192058,2.720152426192058,2.720152426192058,2.720152426192058,0.0,0.0,0.0,1631.152456551844
152,2021-12-13,1631.5216815488761,1606.5492764106991,1650.8430034690375,1631.5216815488761,1631.5216815488761,-2.2795305251831164,-2.2795305251831164,-2.2795305251831164,-2.2795305251831164,-2.2795305251831164,-2.2795305251831164,0.0,0.0,0.0,1629.242151023693
153,2021-12-14,1632.2940259046823,1608.4491820182227,1654.0241115328224,1632.2940259046823,1632.2940259046823,-0.005258518853839943,-0.005258518853839943,-0.005258518853839943,-0.005258518853839943,-0.005258518853839943,-0.005258518853839943,0.0,0.0,0.0,1632.2887673858284
154,2021-12-15,1633.0663702604884,1611.4792483626236,1656.7958719661447,1633.0663702604884,1633.0663702604884,1.7718022753778861,1.7718022753778861,1.7718022753778861,1.7718022753778861,1.7718022753778861,1.7718022753778861,0.0,0.0,0.0,1634.8381725358663
155,2021-12-16,1633.8387147547692,1614.692016492655,1660.0376397522211,1633.8387147547692,1633.8387147547692,2.7201524261906775,2.7201524261906775,2.7201524261906775,2.7201524261906775,2.7201524261906775,2.7201524261906775,0.0,0.0,0.0,1636.5588671809599
156,2021-12-17,1634.61105924905,1612.7879052976746,1658.9580251503555,1634.61105924905,1634.61105924905,0.8627977750252025,0.8627977750252025,0.8627977750252025,0.8627977750252025,0.8627977750252025,0.8627977750252025,0.0,0.0,0.0,1635.4738570240752
157,2021-12-20,1636.9280927318925,1612.3421317649704,1656.9413941142566,1636.9280927318925,1636.9280927318925,-2.2795305251823743,-2.2795305251823743,-2.2795305251823743,-2.2795305251823743,-2.2795305251823743,-2.2795305251823743,0.0,0.0,0.0,1634.6485622067103
158,2021-12-21,1637.7004372261733,1615.5826613431157,1659.5589177169545,1637.7004372261733,1637.7004372261733,-0.005258518852540189,-0.005258518852540189,-0.005258518852540189,-0.005258518852540189,-0.005258518852540189,-0.005258518852540189,0.0,0.0,0.0,1637.6951787073208
159,2021-12-22,1638.4727817204541,1618.4480746914871,1661.3398602995799,1638.4727817204541,1638.4727817204541,1.771802275379958,1.771802275379958,1.771802275379958,1.771802275379958,1.771802275379958,1.771802275379958,0.0,0.0,0.0,1640.244583995834
160,2021-12-23,1639.245126214735,1619.2874731242,1665.4031865114678,1639.245126214735,1639.245126214735,2.720152426192922,2.720152426192922,2.720152426192922,2.720152426192922,2.720152426192922,2.720152426192922,0.0,0.0,0.0,1641.9652786409279
161,2021-12-24,1640.017470709016,1618.7689280608054,1665.3987206755055,1640.017470709016,1640.017470709016,0.8627977750271992,0.8627977750271992,0.8627977750271992,0.8627977750271992,0.8627977750271992,0.8627977750271992,0.0,0.0,0.0,1640.8802684840432
162,2021-12-27,1642.3345041918585,1618.3420847892987,1662.81709347372,1642.3345041918585,1642.3345041918585,-2.2795305251820928,-2.2795305251820928,-2.2795305251820928,-2.2795305251820928,-2.2795305251820928,-2.2795305251820928,0.0,0.0,0.0,1640.0549736666765
163,2021-12-28,1643.1068486756747,1619.7397795598467,1665.591102674566,1643.1068486756747,1643.1068486756747,-0.005258518858803946,-0.005258518858803946,-0.005258518858803946,-0.005258518858803946,-0.005258518858803946,-0.005258518858803946,0.0,0.0,0.0,1643.1015901568157
164,2021-12-29,1643.8791931594913,1621.1788040967508,1667.6720760112294,1643.8791931594913,1643.8791931594913,1.7718022753820297,1.7718022753820297,1.7718022753820297,1.7718022753820297,1.7718022753820297,1.7718022753820297,0.0,0.0,0.0,1645.6509954348733
165,2021-12-30,1644.6515376433076,1626.305034341974,1670.8037528268524,1644.6515376433076,1644.6515376433076,2.720152426194716,2.720152426194716,2.720152426194716,2.720152426194716,2.720152426194716,2.720152426194716,0.0,0.0,0.0,1647.3716900695024
166,2022-01-04,1648.5132600623895,1626.3366413275887,1670.090693825874,1648.5132600623895,1648.5132600623895,-0.00525851885910216,-0.00525851885910216,-0.00525851885910216,-0.00525851885910216,-0.00525851885910216,-0.00525851885910216,0.0,0.0,0.0,1648.5080015435303
167,2022-01-05,1649.2856045462056,1629.0533715315987,1674.3810889375948,1649.2856045462056,1649.2856045462056,1.7718022753814524,1.7718022753814524,1.7718022753814524,1.7718022753814524,1.7718022753814524,1.7718022753814524,0.0,0.0,0.0,1651.0574068215872
168,2022-01-06,1650.057949030022,1629.9048567897244,1676.4076644854886,1650.057949030022,1650.057949030022,2.7201524261901593,2.7201524261901593,2.7201524261901593,2.7201524261901593,2.7201524261901593,2.7201524261901593,0.0,0.0,0.0,1652.7781014562122
169,2022-01-07,1650.8302935138386,1629.2288563387845,1675.3724892775765,1650.8302935138386,1650.8302935138386,0.8627977750189009,0.8627977750189009,0.8627977750189009,0.8627977750189009,0.8627977750189009,0.8627977750189009,0.0,0.0,0.0,1651.6930912888574
170,2022-01-10,1653.1473269652874,1629.8095202654567,1674.0978065882211,1653.1473269652874,1653.1473269652874,-2.2795305251835996,-2.2795305251835996,-2.2795305251835996,-2.2795305251835996,-2.2795305251835996,-2.2795305251835996,0.0,0.0,0.0,1650.8677964401038
171,2022-01-11,1653.878142190379,1630.0439629323655,1677.088713426065,1653.878142190379,1653.878142190379,-0.005258518856204576,-0.005258518856204576,-0.005258518856204576,-0.005258518856204576,-0.005258518856204576,-0.005258518856204576,0.0,0.0,0.0,1653.872883671523
172,2022-01-12,1654.6089574154707,1634.5778050320305,1678.4668798337727,1654.6089574154707,1654.6089574154707,1.7718022753835243,1.7718022753835243,1.7718022753835243,1.7718022753835243,1.7718022753835243,1.7718022753835243,0.0,0.0,0.0,1656.3807596908543
173,2022-01-13,1655.3397726405626,1632.9520634007997,1678.5111001575342,1655.3397726405626,1655.3397726405626,2.7201524261919534,2.7201524261919534,2.7201524261919534,2.7201524261919534,2.7201524261919534,2.7201524261919534,0.0,0.0,0.0,1658.0599250667547
174,2022-01-14,1656.0705878656543,1633.373122297906,1679.892633909263,1656.0705878656543,1656.0705878656543,0.8627977750276041,0.8627977750276041,0.8627977750276041,0.8627977750276041,0.8627977750276041,0.8627977750276041,0.0,0.0,0.0,1656.9333856406818
175,2022-01-17,1658.2630335409292,1632.3661314630062,1678.294343808566,1658.2630335409292,1658.2630335409292,-2.279530525183087,-2.279530525183087,-2.279530525183087,-2.279530525183087,-2.279530525183087,-2.279530525183087,0.0,0.0,0.0,1655.983503015746
176,2022-01-18,1658.993848766021,1637.1225725553727,1681.5716046610862,1658.993848766021,1658.993848766021,-0.005258518853306853,-0.005258518853306853,-0.005258518853306853,-0.005258518853306853,-0.005258518853306853,-0.005258518853306853,0.0,0.0,0.0,1658.9885902471678
177,2022-01-19,1659.7246639911125,1638.049017621167,1685.453785200492,1659.7246639911125,1659.7246639911125,1.771802275377507,1.771802275377507,1.771802275377507,1.771802275377507,1.771802275377507,1.771802275377507,0.0,0.0,0.0,1661.49646626649
178,2022-01-20,1660.4554792162041,1640.3431936597735,1685.1811790911763,1660.4554792162041,1660.4554792162041,2.7201524261905723,2.7201524261905723,2.7201524261905723,2.7201524261905723,2.7201524261905723,2.7201524261905723,0.0,0.0,0.0,1663.1756316423948
179,2022-01-21,1661.1862943935819,1637.3695336476776,1683.4594354453693,1661.1862943935819,1661.1862943935819,0.8627977750265283,0.8627977750265283,0.8627977750265283,0.8627977750265283,0.8627977750265283,0.8627977750265283,0.0,0.0,0.0,1662.0490921686085
180,2022-01-24,1663.3787399257146,1638.0918571574646,1684.493877687791,1663.3787399257146,1663.3787399257146,-2.2795305251853364,-2.2795305251853364,-2.2795305251853364,-2.2795305251853364,-2.2795305251853364,-2.2795305251853364,0.0,0.0,0.0,1661.0992094005294
181,2022-01-25,1664.1095551030921,1643.4316669833015,1686.8357304145961,1664.1095551030921,1664.1095551030921,-0.005258518853605068,-0.005258518853605068,-0.005258518853605068,-0.005258518853605068,-0.005258518853605068,-0.005258518853605068,0.0,0.0,0.0,1664.1042965842385
182,2022-01-26,1664.8403702804696,1645.1262988681733,1689.0732885292837,1664.8403702804696,1664.8403702804696,1.7718022753795788,1.7718022753795788,1.7718022753795788,1.7718022753795788,1.7718022753795788,1.7718022753795788,0.0,0.0,0.0,1666.6121725558492
183,2022-01-27,1665.5711854578472,1645.6325593348377,1691.0787077305372,1665.5711854578472,1665.5711854578472,2.7201524261891916,2.7201524261891916,2.7201524261891916,2.7201524261891916,2.7201524261891916,2.7201524261891916,0.0,0.0,0.0,1668.2913378840362
184,2022-01-28,1666.3020006352249,1644.3666226851844,1690.354861538346,1666.3020006352249,1666.3020006352249,0.862797775025452,0.862797775025452,0.862797775025452,0.862797775025452,0.862797775025452,0.862797775025452,0.0,0.0,0.0,1667.1647984102503
185,2022-01-31,1668.4944461673576,1644.5917863818443,1687.7429377877409,1668.4944461673576,1668.4944461673576,-2.2795305251848244,-2.2795305251848244,-2.2795305251848244,-2.2795305251848244,-2.2795305251848244,-2.2795305251848244,0.0,0.0,0.0,1666.2149156421729
186,2022-02-01,1669.2252612984796,1646.0463691835148,1690.7342015420732,1669.2252612984796,1669.2252612984796,-0.005258518850707345,-0.005258518850707345,-0.005258518850707345,-0.005258518850707345,-0.005258518850707345,-0.005258518850707345,0.0,0.0,0.0,1669.2200027796289
187,2022-02-02,1669.9560764296016,1650.3512129729845,1693.8692507808144,1669.9560764296016,1669.9560764296016,1.7718022753790015,1.7718022753790015,1.7718022753790015,1.7718022753790015,1.7718022753790015,1.7718022753790015,0.0,0.0,0.0,1671.7278787049806
188,2022-02-03,1670.6868915607236,1650.2832142733366,1696.9846260459879,1670.6868915607236,1670.6868915607236,2.72015242618781,2.72015242618781,2.72015242618781,2.72015242618781,2.72015242618781,2.72015242618781,0.0,0.0,0.0,1673.4070439869113
189,2022-02-04,1671.4177066918455,1651.3527291011783,1694.4640113778894,1671.4177066918455,1671.4177066918455,0.8627977750310825,0.8627977750310825,0.8627977750310825,0.8627977750310825,0.8627977750310825,0.8627977750310825,0.0,0.0,0.0,1672.2805044668767
190,2022-02-07,1673.6101520852117,1648.9143719971137,1695.032365858225,1673.6101520852117,1673.6101520852117,-2.2795305251843128,-2.2795305251843128,-2.2795305251843128,-2.2795305251843128,-2.2795305251843128,-2.2795305251843128,0.0,0.0,0.0,1671.3306215600273
191,2022-02-08,1674.3409672163334,1652.2915153340555,1696.8427853633361,1674.3409672163334,1674.3409672163334,-0.005258518849407683,-0.005258518849407683,-0.005258518849407683,-0.005258518849407683,-0.005258518849407683,-0.005258518849407683,0.0,0.0,0.0,1674.335708697484
192,2022-02-09,1675.0717823474556,1653.9091570797982,1698.5845000847503,1675.0717823474556,1675.0717823474556,1.7718022753837224,1.7718022753837224,1.7718022753837224,1.7718022753837224,1.7718022753837224,1.7718022753837224,0.0,0.0,0.0,1676.8435846228394
193,2022-02-10,1675.8025974785774,1654.9159006709049,1700.6173674967495,1675.8025974785774,1675.8025974785774,2.72015242619323,2.72015242619323,2.72015242619323,2.72015242619323,2.72015242619323,2.72015242619323,0.0,0.0,0.0,1678.5227499047705
194,2022-02-11,1675.8645920779238,1653.8790467698382,1697.988617321336,1675.8645920779238,1675.8645920779238,0.8627977750330792,0.8627977750330792,0.8627977750330792,0.8627977750330792,0.8627977750330792,0.8627977750330792,0.0,0.0,0.0,1676.727389852957
195,2022-02-14,1676.0505758759634,1651.1944632505392,1697.1248808398125,1676.0505758759634,1676.0505758759634,-2.2795305251838007,-2.2795305251838007,-2.2795305251838007,-2.2795305251838007,-2.2795305251838007,-2.2795305251838007,0.0,0.0,0.0,1673.7710453507796
196,2022-02-15,1676.11257047531,1654.2750222949928,1700.1175252514515,1676.11257047531,1676.11257047531,-0.0052585188572693625,-0.0052585188572693625,-0.0052585188572693625,-0.0052585188572693625,-0.0052585188572693625,-0.0052585188572693625,0.0,0.0,0.0,1676.1073119564526
197,2022-02-17,1676.236559674003,1655.6787843538536,1701.2563841267406,1676.236559674003,1676.236559674003,2.7201524261918486,2.7201524261918486,2.7201524261918486,2.7201524261918486,2.7201524261918486,2.7201524261918486,0.0,0.0,0.0,1678.9567121001949
198,2022-02-18,1676.2985542733495,1655.0971767197123,1700.791122709362,1676.2985542733495,1676.2985542733495,0.8627977750289301,0.8627977750289301,0.8627977750289301,0.8627977750289301,0.8627977750289301,0.8627977750289301,0.0,0.0,0.0,1677.1613520483784
199,2022-02-21,1676.484538071389,1650.2332144522036,1696.7147394388453,1676.484538071389,1676.484538071389,-2.279530525183519,-2.279530525183519,-2.279530525183519,-2.279530525183519,-2.279530525183519,-2.279530525183519,0.0,0.0,0.0,1674.2050075462055
200,2022-02-22,1676.5465326707354,1654.314317333721,1699.3496361905252,1676.5465326707354,1676.5465326707354,-0.005258518855969794,-0.005258518855969794,-0.005258518855969794,-0.005258518855969794,-0.005258518855969794,-0.005258518855969794,0.0,0.0,0.0,1676.5412741518794
201,2022-02-23,1676.6085272700818,1657.2299068446762,1700.5835143443621,1676.6085272700818,1676.6085272700818,1.7718022753825677,1.7718022753825677,1.7718022753825677,1.7718022753825677,1.7718022753825677,1.7718022753825677,0.0,0.0,0.0,1678.3803295454643
202,2022-02-24,1676.6705218694283,1655.0410791799964,1699.6743771852118,1676.6705218694283,1676.6705218694283,2.7201524261904675,2.7201524261904675,2.7201524261904675,2.7201524261904675,2.7201524261904675,2.7201524261904675,0.0,0.0,0.0,1679.3906742956187
203,2022-02-25,1676.732516468775,1654.7438358508691,1700.3707143592794,1676.732516468775,1676.732516468775,0.8627977750278538,0.8627977750278538,0.8627977750278538,0.8627977750278538,0.8627977750278538,0.8627977750278538,0.0,0.0,0.0,1677.595314243803
204,2022-02-28,1676.9185002668144,1653.4990984992853,1697.779210797957,1676.9185002668144,1676.9185002668144,-2.279530525182777,-2.279530525182777,-2.279530525182777,-2.279530525182777,-2.279530525182777,-2.279530525182777,0.0,0.0,0.0,1674.6389697416316
205,2022-03-01,1676.9804948661608,1654.8918546280856,1698.7639413717036,1676.9804948661608,1676.9804948661608,-0.0052585188530721175,-0.0052585188530721175,-0.0052585188530721175,-0.0052585188530721175,-0.0052585188530721175,-0.0052585188530721175,0.0,0.0,0.0,1676.9752363473078
206,2022-03-02,1677.0424894655073,1656.8763856663968,1701.3068951967734,1677.0424894655073,1677.0424894655073,1.7718022753872882,1.7718022753872882,1.7718022753872882,1.7718022753872882,1.7718022753872882,1.7718022753872882,0.0,0.0,0.0,1678.8142917408945
207,2022-03-03,1677.1044840648538,1658.067972805087,1703.9399408194397,1677.1044840648538,1677.1044840648538,2.720152426192712,2.720152426192712,2.720152426192712,2.720152426192712,2.720152426192712,2.720152426192712,0.0,0.0,0.0,1679.8246364910465
208,2022-03-04,1677.1664786642002,1656.1205848767775,1700.4157114986663,1677.1664786642002,1677.1664786642002,0.8627977750267776,0.8627977750267776,0.8627977750267776,0.8627977750267776,0.8627977750267776,0.8627977750267776,0.0,0.0,0.0,1678.029276439227
209,2022-03-07,1677.3524624622396,1652.1311455266346,1697.2691700627754,1677.3524624622396,1677.3524624622396,-2.2795305251824955,-2.2795305251824955,-2.2795305251824955,-2.2795305251824955,-2.2795305251824955,-2.2795305251824955,0.0,0.0,0.0,1675.072931937057
210,2022-03-08,1677.4144570615863,1654.3166315214253,1699.029094669541,1677.4144570615863,1677.4144570615863,-0.005258518851772364,-0.005258518851772364,-0.005258518851772364,-0.005258518851772364,-0.005258518851772364,-0.005258518851772364,0.0,0.0,0.0,1677.4091985427344
211,2022-03-09,1677.4764516609328,1656.2246934580671,1702.7087213281748,1677.4764516609328,1677.4764516609328,1.7718022753786224,1.7718022753786224,1.7718022753786224,1.7718022753786224,1.7718022753786224,1.7718022753786224,0.0,0.0,0.0,1679.2482539363114
212,2022-03-10,1677.5384462602792,1658.2177018302189,1703.5648367722156,1677.5384462602792,1677.5384462602792,2.7201524261945065,2.7201524261945065,2.7201524261945065,2.7201524261945065,2.7201524261945065,2.7201524261945065,0.0,0.0,0.0,1680.2585986864738
213,2022-03-11,1677.6004408596257,1655.4298379394324,1699.2934298739474,1677.6004408596257,1677.6004408596257,0.8627977750257014,0.8627977750257014,0.8627977750257014,0.8627977750257014,0.8627977750257014,0.8627977750257014,0.0,0.0,0.0,1678.4632386346514
214,2022-03-14,1677.7864246576653,1651.4545872277972,1697.8500300867943,1677.7864246576653,1677.7864246576653,-2.279530525184514,-2.279530525184514,-2.279530525184514,-2.279530525184514,-2.279530525184514,-2.279530525184514,0.0,0.0,0.0,1675.5068941324807
215,2022-03-15,1677.8484192570115,1655.884939867313,1701.140255115665,1677.8484192570115,1677.8484192570115,-0.005258518850472562,-0.005258518850472562,-0.005258518850472562,-0.005258518850472562,-0.005258518850472562,-0.005258518850472562,0.0,0.0,0.0,1677.843160738161
216,2022-03-16,1677.910413856358,1656.3116326434474,1703.2089173456166,1677.910413856358,1677.910413856358,1.771802275380694,1.771802275380694,1.771802275380694,1.771802275380694,1.771802275380694,1.771802275380694,0.0,0.0,0.0,1679.6822161317386
217,2022-03-17,1677.9724084557047,1657.7632850988928,1703.1920409839092,1677.9724084557047,1677.9724084557047,2.72015242618995,2.72015242618995,2.72015242618995,2.72015242618995,2.72015242618995,2.72015242618995,0.0,0.0,0.0,1680.6925608818947
218,2022-03-18,1678.0344030550511,1657.443330452508,1701.1083373684937,1678.0344030550511,1678.0344030550511,0.8627977750215524,0.8627977750215524,0.8627977750215524,0.8627977750215524,0.8627977750215524,0.8627977750215524,0.0,0.0,0.0,1678.8972008300727
219,2022-03-21,1678.2203868530905,1654.3449107844876,1699.5429765844556,1678.2203868530905,1678.2203868530905,-2.279530525184002,-2.279530525184002,-2.279530525184002,-2.279530525184002,-2.279530525184002,-2.279530525184002,0.0,0.0,0.0,1675.9408563279064
220,2022-03-22,1678.2823814524372,1655.6053787211351,1700.406092901649,1678.2823814524372,1678.2823814524372,-0.005258518849172855,-0.005258518849172855,-0.005258518849172855,-0.005258518849172855,-0.005258518849172855,-0.005258518849172855,0.0,0.0,0.0,1678.277122933588
221,2022-03-23,1678.3443760517835,1657.1670174595695,1702.5100014889101,1678.3443760517835,1678.3443760517835,1.771802275380117,1.771802275380117,1.771802275380117,1.771802275380117,1.771802275380117,1.771802275380117,0.0,0.0,0.0,1680.1161783271637
222,2022-03-24,1678.40637065113,1658.9416035567506,1704.6905226867145,1678.40637065113,1678.40637065113,2.7201524261917442,2.7201524261917442,2.7201524261917442,2.7201524261917442,2.7201524261917442,2.7201524261917442,0.0,0.0,0.0,1681.1265230773217
223,2022-03-25,1678.4683652504766,1656.3991116933432,1701.349818548913,1678.4683652504766,1678.4683652504766,0.8627977750302557,0.8627977750302557,0.8627977750302557,0.8627977750302557,0.8627977750302557,0.8627977750302557,0.0,0.0,0.0,1679.3311630255068
224,2022-03-28,1678.654349048516,1652.303839904065,1697.290306364567,1678.654349048516,1678.654349048516,-2.2795305251834903,-2.2795305251834903,-2.2795305251834903,-2.2795305251834903,-2.2795305251834903,-2.2795305251834903,0.0,0.0,0.0,1676.3748185233326
225,2022-03-29,1678.7163436478625,1655.4138722774644,1700.7612849899583,1678.7163436478625,1678.7163436478625,-0.005258518846275132,-0.005258518846275132,-0.005258518846275132,-0.005258518846275132,-0.005258518846275132,-0.005258518846275132,0.0,0.0,0.0,1678.7110851290163
226,2022-03-30,1678.7783382472091,1659.0850849880292,1701.8085407700362,1678.7783382472091,1678.7783382472091,1.771802275376749,1.771802275376749,1.771802275376749,1.771802275376749,1.771802275376749,1.771802275376749,0.0,0.0,0.0,1680.550140522586
227,2022-03-31,1678.8403328465554,1659.3401645609324,1703.2644637838805,1678.8403328465554,1678.8403328465554,2.720152426193538,2.720152426193538,2.720152426193538,2.720152426193538,2.720152426193538,2.720152426193538,0.0,0.0,0.0,1681.560485272749
228,2022-04-01,1678.9023274459018,1655.9666464145632,1703.727678475693,1678.9023274459018,1678.9023274459018,0.8627977750291794,0.8627977750291794,0.8627977750291794,0.8627977750291794,0.8627977750291794,0.8627977750291794,0.0,0.0,0.0,1679.765125220931
229,2022-04-04,1679.0883112439412,1654.0050494296006,1700.0042315208132,1679.0883112439412,1679.0883112439412,-2.2795305251832083,-2.2795305251832083,-2.2795305251832083,-2.2795305251832083,-2.2795305251832083,-2.2795305251832083,0.0,0.0,0.0,1676.808780718758
230,2022-04-05,1679.150305843288,1656.7714055464874,1700.7661461221674,1679.150305843288,1679.150305843288,-0.005258518855735012,-0.005258518855735012,-0.005258518855735012,-0.005258518855735012,-0.005258518855735012,-0.005258518855735012,0.0,0.0,0.0,1679.1450473244322
231,2022-04-07,1679.2742950419808,1661.0904165893726,1704.9646055955598,1679.2742950419808,1679.2742950419808,2.7201524261889816,2.7201524261889816,2.7201524261889816,2.7201524261889816,2.7201524261889816,2.7201524261889816,0.0,0.0,0.0,1681.99444746817
232,2022-04-08,1679.3362896413273,1658.7298253052302,1702.8987471638777,1679.3362896413273,1679.3362896413273,0.8627977750281034,0.8627977750281034,0.8627977750281034,0.8627977750281034,0.8627977750281034,0.8627977750281034,0.0,0.0,0.0,1680.1990874163555
233,2022-04-11,1679.522273439367,1653.837397625165,1700.322509271791,1679.522273439367,1679.522273439367,-2.279530525182927,-2.279530525182927,-2.279530525182927,-2.279530525182927,-2.279530525182927,-2.279530525182927,0.0,0.0,0.0,1677.242742914184
234,2022-04-12,1679.5842680387132,1656.4806909541835,1700.5611642948668,1679.5842680387132,1679.5842680387132,-0.005258518852837196,-0.005258518852837196,-0.005258518852837196,-0.005258518852837196,-0.005258518852837196,-0.005258518852837196,0.0,0.0,0.0,1679.5790095198604
235,2022-04-18,1679.9562356347922,1655.9395068326082,1701.1930727466347,1679.9562356347922,1679.9562356347922,-2.2795305251821847,-2.2795305251821847,-2.2795305251821847,-2.2795305251821847,-2.2795305251821847,-2.2795305251821847,0.0,0.0,0.0,1677.6767051096099
236,2022-04-19,1680.0182302341389,1656.2456332750219,1701.7509550702662,1680.0182302341389,1680.0182302341389,-0.005258518851537534,-0.005258518851537534,-0.005258518851537534,-0.005258518851537534,-0.005258518851537534,-0.005258518851537534,0.0,0.0,0.0,1680.0129717152872
237,2022-04-20,1680.080224833485,1658.321190171005,1704.094501104239,1680.080224833485,1680.080224833485,1.771802275380315,1.771802275380315,1.771802275380315,1.771802275380315,1.771802275380315,1.771802275380315,0.0,0.0,0.0,1681.8520271088655
238,2022-04-21,1680.1422194328318,1659.7756183402737,1705.2836669810702,1680.1422194328318,1680.1422194328318,2.7201524261930206,2.7201524261930206,2.7201524261930206,2.7201524261930206,2.7201524261930206,2.7201524261930206,0.0,0.0,0.0,1682.8623718590247
239,2022-04-22,1680.2042140321782,1659.8435996419162,1704.864676159879,1680.2042140321782,1680.2042140321782,0.8627977750357305,0.8627977750357305,0.8627977750357305,0.8627977750357305,0.8627977750357305,0.8627977750357305,0.0,0.0,0.0,1681.067011807214
240,2022-04-25,1680.3901978302176,1653.812121143071,1699.719741551399,1680.3901978302176,1680.3901978302176,-2.279530525181903,-2.279530525181903,-2.279530525181903,-2.279530525181903,-2.279530525181903,-2.279530525181903,0.0,0.0,0.0,1678.1106673050358
241,2022-04-26,1680.452192429564,1656.8201574272362,1703.1843372224503,1680.452192429564,1680.452192429564,-0.0052585188593992135,-0.0052585188593992135,-0.0052585188593992135,-0.0052585188593992135,-0.0052585188593992135,-0.0052585188593992135,0.0,0.0,0.0,1680.4469339107047
242,2022-04-27,1680.5141870289108,1658.6229159045806,1704.5271116603049,1680.5141870289108,1680.5141870289108,1.7718022753823868,1.7718022753823868,1.7718022753823868,1.7718022753823868,1.7718022753823868,1.7718022753823868,0.0,0.0,0.0,1682.2859893042933
243,2022-04-28,1680.576181628257,1659.5521743788645,1706.3279216524909,1680.576181628257,1680.576181628257,2.7201524261948147,2.7201524261948147,2.7201524261948147,2.7201524261948147,2.7201524261948147,2.7201524261948147,0.0,0.0,0.0,1683.2963340544518
244,2022-04-29,1680.6381762276035,1660.2271375128187,1704.5980342144094,1680.6381762276035,1680.6381762276035,0.8627977750315817,0.8627977750315817,0.8627977750315817,0.8627977750315817,0.8627977750315817,0.8627977750315817,0.0,0.0,0.0,1681.500974002635
245,2022-04-30,1680.7001708269502,1657.5584734823608,1701.8219877144488,1680.7001708269502,1680.70041521432,-1.5349813494677318,-1.5349813494677318,-1.5349813494677318,-1.5349813494677318,-1.5349813494677318,-1.5349813494677318,0.0,0.0,0.0,1679.1651894774825
246,2022-05-01,1680.7621654262966,1658.1477088199888,1701.7207282498073,1680.70280558928,1680.9210896640895,-1.5349820830975625,-1.5349820830975625,-1.5349820830975625,-1.5349820830975625,-1.5349820830975625,-1.5349820830975625,0.0,0.0,0.0,1679.2271833431992
247,2022-05-02,1680.824160025643,1655.8282179628338,1702.8688699902357,1680.6734004500665,1681.2792527857007,-2.279530525183922,-2.279530525183922,-2.279530525183922,-2.279530525183922,-2.279530525183922,-2.279530525183922,0.0,0.0,0.0,1678.5446295004592
248,2022-05-03,1680.8861546249896,1658.0410216614473,1703.1434342803072,1680.4895164861337,1681.599118228771,-0.0052585188580995985,-0.0052585188580995985,-0.0052585188580995985,-0.0052585188580995985,-0.0052585188580995985,-0.0052585188580995985,0.0,0.0,0.0,1680.8808961061316
249,2022-05-04,1680.948149224336,1658.5609488100151,1705.2835575926551,1680.3296929733372,1681.9788510696906,1.7718022753818095,1.7718022753818095,1.7718022753818095,1.7718022753818095,1.7718022753818095,1.7718022753818095,0.0,0.0,0.0,1682.7199514997178
250,2022-05-05,1681.0101438236827,1661.4059894147238,1707.8285878425004,1680.060236928182,1682.3999312370659,2.7201524261902583,2.7201524261902583,2.7201524261902583,2.7201524261902583,2.7201524261902583,2.7201524261902583,0.0,0.0,0.0,1683.730296249873
251,2022-05-06,1681.072138423029,1659.3361278113994,1704.9689591130893,1679.809994180107,1682.8052972068158,0.8627977750274324,0.8627977750274324,0.8627977750274324,0.8627977750274324,0.8627977750274324,0.8627977750274324,0.0,0.0,0.0,1681.9349361980564
252,2022-05-07,1681.1341330223754,1658.2691158188509,1701.5723486683105,1679.4814171319986,1683.31684778698,-1.5349813494639497,-1.5349813494639497,-1.5349813494639497,-1.5349813494639497,-1.5349813494639497,-1.5349813494639497,0.0,0.0,0.0,1679.5991516729114
253,2022-05-08,1681.196127621722,1658.3268348705788,1702.8290817263737,1679.0884175616231,1683.9956372007166,-1.534982083097493,-1.534982083097493,-1.534982083097493,-1.534982083097493,-1.534982083097493,-1.534982083097493,0.0,0.0,0.0,1679.6611455386246
254,2022-05-09,1681.2581222210686,1656.5360596935816,1701.6296956954793,1678.6367314147567,1684.650654199278,-2.2795305251834095,-2.2795305251834095,-2.2795305251834095,-2.2795305251834095,-2.2795305251834095,-2.2795305251834095,0.0,0.0,0.0,1678.9785916958851
255,2022-05-10,1681.320116820415,1659.9462600108027,1705.11981310923,1678.019835839397,1685.3375467978865,-0.005258518855201922,-0.005258518855201922,-0.005258518855201922,-0.005258518855201922,-0.005258518855201922,-0.005258518855201922,0.0,0.0,0.0,1681.3148583015598
256,2022-05-11,1681.3821114197615,1660.4983683167038,1706.4965719902277,1677.5402560120044,1685.9994620615005,1.7718022753865301,1.7718022753865301,1.7718022753865301,1.7718022753865301,1.7718022753865301,1.7718022753865301,0.0,0.0,0.0,1683.153913695148
257,2022-05-12,1681.444106019108,1662.3905155609634,1708.023643622602,1676.9049964639487,1686.7566164553855,2.720152426192052,2.720152426192052,2.720152426192052,2.720152426192052,2.720152426192052,2.720152426192052,0.0,0.0,0.0,1684.1642584453
258,2022-05-13,1681.5061006184546,1658.768582379057,1706.9017596036915,1676.3701381184333,1687.513343377277,0.8627977750294289,0.8627977750294289,0.8627977750294289,0.8627977750294289,0.8627977750294289,0.8627977750294289,0.0,0.0,0.0,1682.368898393484
259,2022-05-14,1681.568095217801,1657.1777862766614,1704.0422720513584,1675.7441121925701,1688.2005835352875,-1.5349813494654456,-1.5349813494654456,-1.5349813494654456,-1.5349813494654456,-1.5349813494654456,-1.5349813494654456,0.0,0.0,0.0,1680.0331138683357
260,2022-05-15,1681.6300898171473,1654.9905226462824,1703.654627161385,1675.1436879238902,1688.908960503243,-1.5349820830986052,-1.5349820830986052,-1.5349820830986052,-1.5349820830986052,-1.5349820830986052,-1.5349820830986052,0.0,0.0,0.0,1680.0951077340487
261,2022-05-16,1681.692084416494,1655.4157478704292,1704.5319258880788,1674.5607665545147,1689.811859194069,-2.2795305251828983,-2.2795305251828983,-2.2795305251828983,-2.2795305251828983,-2.2795305251828983,-2.2795305251828983,0.0,0.0,0.0,1679.412553891311
262,2022-05-17,1681.7540790158405,1658.2333397321543,1705.5496141437925,1674.1083893752825,1690.6522873467045,-0.0052585188523042925,-0.0052585188523042925,-0.0052585188523042925,-0.0052585188523042925,-0.0052585188523042925,-0.0052585188523042925,0.0,0.0,0.0,1681.7488204969882
263,2022-05-18,1681.816073615187,1659.7313618298099,1709.8712142710815,1673.5697507978089,1691.690666538264,1.7718022753778642,1.7718022753778642,1.7718022753778642,1.7718022753778642,1.7718022753778642,1.7718022753778642,0.0,0.0,0.0,1683.5878758905649
264,2022-05-19,1681.8780682145334,1659.1859700831926,1710.565900787148,1672.7041764429189,1692.6822740218959,2.7201524261906713,2.7201524261906713,2.7201524261906713,2.7201524261906713,2.7201524261906713,2.7201524261906713,0.0,0.0,0.0,1684.598220640724
265,2022-05-20,1681.9400628138799,1656.8932292617928,1710.626441101956,1672.0276986941842,1693.4974453995255,0.8627977750252799,0.8627977750252799,0.8627977750252799,0.8627977750252799,0.8627977750252799,0.8627977750252799,0.0,0.0,0.0,1682.802860588905
266,2022-05-21,1682.0020574132263,1655.2176032147195,1705.8047708920678,1671.3078947099693,1694.320726531997,-1.53498134946458,-1.53498134946458,-1.53498134946458,-1.53498134946458,-1.53498134946458,-1.53498134946458,0.0,0.0,0.0,1680.4670760637619
267,2022-05-22,1682.064052012573,1654.1037429307155,1707.898685213397,1670.39086629413,1695.0808518947663,-1.5349820830973526,-1.5349820830973526,-1.5349820830973526,-1.5349820830973526,-1.5349820830973526,-1.5349820830973526,0.0,0.0,0.0,1680.5290699294758
268,2022-05-23,1682.1260466119193,1652.854757319965,1707.6204716526781,1669.5353979992317,1695.7490684401407,-2.279530525185147,-2.279530525185147,-2.279530525185147,-2.279530525185147,-2.279530525185147,-2.279530525185147,0.0,0.0,0.0,1679.846516086734
269,2022-05-24,1682.188041211266,1655.0736476322625,1713.1513550744166,1668.8061388203353,1696.6883497658798,-0.005258518852602506,-0.005258518852602506,-0.005258518852602506,-0.005258518852602506,-0.005258518852602506,-0.005258518852602506,0.0,0.0,0.0,1682.1827826924134
270,2022-05-25,1682.2500358106124,1656.311791189809,1711.3486961621381,1668.0718362039445,1697.7037426369038,1.7718022753799356,1.7718022753799356,1.7718022753799356,1.7718022753799356,1.7718022753799356,1.7718022753799356,0.0,0.0,0.0,1684.0218380859924
271,2022-05-26,1682.3120304099589,1656.913737587393,1714.4637261721239,1667.2186275856795,1698.4052084558464,2.7201524261929158,2.7201524261929158,2.7201524261929158,2.7201524261929158,2.7201524261929158,2.7201524261929158,0.0,0.0,0.0,1685.0321828361518
272,2022-05-27,1682.3740250093053,1654.4525475298992,1712.6007675895487,1666.3645412988526,1699.617957972941,0.862797775024204,0.862797775024204,0.862797775024204,0.862797775024204,0.862797775024204,0.862797775024204,0.0,0.0,0.0,1683.2368227843294
